index, ,Label,Angle,Median,Class_nb,Pitch,Strain
0,1,run_it025_classes.mrcs:z:1/30 - run_it025_classes.mrcs,-7.319019,0.027197000000000002,1,38.83,WT
1,2,run_it025_classes.mrcs:z:1/30 - run_it025_classes.mrcs,-8.481606,0.000692,1,40.73,WT
2,3,run_it025_classes.mrcs:z:1/30 - run_it025_classes.mrcs,-11.309932,0.037064,1,39.63999999999999,WT
3,4,run_it025_classes.mrcs:z:1/30 - run_it025_classes.mrcs,-10.83008,-0.068289,1,41.37,WT
4,5,run_it025_classes.mrcs:z:1/30 - run_it025_classes.mrcs,-10.474235,0.026279000000000004,1,42.75999999999999,WT
5,6,run_it025_classes.mrcs:z:1/30 - run_it025_classes.mrcs,-8.852003999999999,0.005637,1,43.63,WT
6,7,run_it025_classes.mrcs:z:1/30 - run_it025_classes.mrcs,-10.491477,0.06104,1,38.81,WT
7,8,run_it025_classes.mrcs:z:3/30 - run_it025_classes.mrcs,0.0,-0.0018039999999999998,3,40.28,WT
8,9,run_it025_classes.mrcs:z:3/30 - run_it025_classes.mrcs,0.54051,-0.007266,3,37.45,WT
9,10,run_it025_classes.mrcs:z:3/30 - run_it025_classes.mrcs,0.9548409999999999,0.041947000000000005,3,42.41,WT
10,11,run_it025_classes.mrcs:z:3/30 - run_it025_classes.mrcs,-0.498212,-0.037725999999999996,3,40.63000000000001,WT
11,12,run_it025_classes.mrcs:z:3/30 - run_it025_classes.mrcs,-0.498212,0.10538299999999999,3,40.63000000000001,WT
12,13,run_it025_classes.mrcs:z:3/30 - run_it025_classes.mrcs,-0.9710219999999999,0.066427,3,41.7,WT
13,14,run_it025_classes.mrcs:z:5/30 - run_it025_classes.mrcs,0.0,-0.09919800000000001,5,40.63000000000001,WT
14,15,run_it025_classes.mrcs:z:5/30 - run_it025_classes.mrcs,179.483836,-0.082893,5,39.22,WT
15,16,run_it025_classes.mrcs:z:5/30 - run_it025_classes.mrcs,-0.502582,0.037926999999999995,5,40.28,WT
16,17,run_it025_classes.mrcs:z:5/30 - run_it025_classes.mrcs,0.0,-0.093635,5,42.75,WT
17,18,run_it025_classes.mrcs:z:5/30 - run_it025_classes.mrcs,0.0,0.01433,5,39.22,WT
18,19,run_it025_classes.mrcs:z:5/30 - run_it025_classes.mrcs,0.0,0.043996,5,42.05,WT
19,20,run_it025_classes.mrcs:z:7/30 - run_it025_classes.mrcs,0.0,-0.06867000000000001,7,40.99,WT
20,21,run_it025_classes.mrcs:z:7/30 - run_it025_classes.mrcs,0.996348,-0.070743,7,40.64,WT
21,22,run_it025_classes.mrcs:z:7/30 - run_it025_classes.mrcs,0.0,0.117849,7,41.34,WT
22,23,run_it025_classes.mrcs:z:7/30 - run_it025_classes.mrcs,0.0,0.145128,7,40.99,WT
23,24,run_it025_classes.mrcs:z:7/30 - run_it025_classes.mrcs,1.0230299999999999,-0.03698,7,39.58,WT
24,25,run_it025_classes.mrcs:z:7/30 - run_it025_classes.mrcs,1.9920939999999998,-0.00909,7,40.65999999999999,WT
25,26,run_it025_classes.mrcs:z:8/30 - run_it025_classes.mrcs,-8.746162,0.010877,8,41.83,WT
26,27,run_it025_classes.mrcs:z:8/30 - run_it025_classes.mrcs,-8.275893,-0.052894000000000004,8,39.28,WT
27,28,run_it025_classes.mrcs:z:8/30 - run_it025_classes.mrcs,-8.408911999999999,0.052888,8,41.07000000000001,WT
28,29,run_it025_classes.mrcs:z:8/30 - run_it025_classes.mrcs,-8.130102,0.062405999999999996,8,39.98,WT
29,30,run_it025_classes.mrcs:z:8/30 - run_it025_classes.mrcs,-8.337444,-0.046327,8,41.42,WT
30,31,run_it025_classes.mrcs:z:8/30 - run_it025_classes.mrcs,-7.765166000000001,0.12673399999999999,8,39.23,WT
31,32,run_it025_classes.mrcs:z:9/30 - run_it025_classes.mrcs,8.82038,0.11147699999999999,9,41.48,WT
32,33,run_it025_classes.mrcs:z:9/30 - run_it025_classes.mrcs,9.130175999999999,0.080175,9,40.07999999999999,WT
33,34,run_it025_classes.mrcs:z:9/30 - run_it025_classes.mrcs,7.9207399999999994,-0.05466,9,41.02,WT
34,35,run_it025_classes.mrcs:z:9/30 - run_it025_classes.mrcs,8.945382,0.07096000000000001,9,38.63,WT
35,36,run_it025_classes.mrcs:z:9/30 - run_it025_classes.mrcs,9.782407000000001,-0.073008,9,41.59,WT
36,37,run_it025_classes.mrcs:z:9/30 - run_it025_classes.mrcs,8.895857000000001,-0.066302,9,41.13,WT
37,38,run_it025_classes.mrcs:z:11/30 - run_it025_classes.mrcs,-3.7429879999999995,-0.05195,11,37.89,WT
38,39,run_it025_classes.mrcs:z:11/30 - run_it025_classes.mrcs,-2.9609360000000002,-0.048027999999999994,11,41.04,WT
39,40,run_it025_classes.mrcs:z:11/30 - run_it025_classes.mrcs,-2.986637,0.064695,11,40.69,WT
40,41,run_it025_classes.mrcs:z:11/30 - run_it025_classes.mrcs,-3.6084690000000004,-0.039046,11,39.3,WT
41,42,run_it025_classes.mrcs:z:11/30 - run_it025_classes.mrcs,-3.150716,0.096471,11,38.57,WT
42,43,run_it025_classes.mrcs:z:11/30 - run_it025_classes.mrcs,-3.5447660000000005,-0.068514,11,40.0,WT
43,44,run_it025_classes.mrcs:z:12/30 - run_it025_classes.mrcs,-2.55615,-0.050628,12,39.61,WT
44,45,run_it025_classes.mrcs:z:12/30 - run_it025_classes.mrcs,0.0,0.134122,12,39.93,WT
45,46,run_it025_classes.mrcs:z:12/30 - run_it025_classes.mrcs,-1.548158,-0.07897799999999999,12,39.23,WT
46,47,run_it025_classes.mrcs:z:12/30 - run_it025_classes.mrcs,-0.507029,0.009739,12,39.93,WT
47,48,run_it025_classes.mrcs:z:12/30 - run_it025_classes.mrcs,0.0,0.031188,12,39.93,WT
48,49,run_it025_classes.mrcs:z:12/30 - run_it025_classes.mrcs,0.0,0.137485,12,40.99,WT
49,50,run_it025_classes.mrcs:z:19/30 - run_it025_classes.mrcs,1.468801,-0.12046,19,41.349999999999994,WT
50,51,run_it025_classes.mrcs:z:19/30 - run_it025_classes.mrcs,0.996348,0.163638,19,40.64,WT
51,52,run_it025_classes.mrcs:z:19/30 - run_it025_classes.mrcs,0.511556,-0.095062,19,39.57000000000001,WT
52,53,run_it025_classes.mrcs:z:19/30 - run_it025_classes.mrcs,0.493917,-0.033868,19,40.99,WT
53,54,run_it025_classes.mrcs:z:19/30 - run_it025_classes.mrcs,0.9793200000000001,0.14039000000000001,19,41.349999999999994,WT
54,55,run_it025_classes.mrcs:z:19/30 - run_it025_classes.mrcs,0.498212,-0.115183,19,40.63000000000001,WT
55,56,run_it025_classes.mrcs:z:20/30 - run_it025_classes.mrcs,-1.0230299999999999,-0.076061,20,39.58,WT
56,57,run_it025_classes.mrcs:z:20/30 - run_it025_classes.mrcs,0.0,-0.035331,20,38.51,WT
57,58,run_it025_classes.mrcs:z:20/30 - run_it025_classes.mrcs,0.0,0.122147,20,38.16,WT
58,59,run_it025_classes.mrcs:z:20/30 - run_it025_classes.mrcs,-1.0050860000000001,-0.038942000000000004,20,40.29,WT
59,60,run_it025_classes.mrcs:z:20/30 - run_it025_classes.mrcs,-1.494334,-0.0018739999999999998,20,40.65,WT
60,61,run_it025_classes.mrcs:z:20/30 - run_it025_classes.mrcs,-0.996348,0.105952,20,40.64,WT
61,62,run_it025_classes.mrcs:z:21/30 - run_it025_classes.mrcs,-1.0050860000000001,-0.041539,21,40.29,WT
62,63,run_it025_classes.mrcs:z:21/30 - run_it025_classes.mrcs,-2.675427,-0.042739,21,37.85,WT
63,64,run_it025_classes.mrcs:z:21/30 - run_it025_classes.mrcs,-1.9920939999999998,0.096839,21,40.65999999999999,WT
64,65,run_it025_classes.mrcs:z:21/30 - run_it025_classes.mrcs,-3.012788,0.013359999999999999,21,40.34,WT
65,66,run_it025_classes.mrcs:z:21/30 - run_it025_classes.mrcs,-3.012788,0.032164,21,40.34,WT
66,67,run_it025_classes.mrcs:z:21/30 - run_it025_classes.mrcs,-3.483271,0.09765,21,40.71,WT
67,68,run_it025_classes.mrcs:z:22/30 - run_it025_classes.mrcs,7.989327,-0.067398,22,40.67,WT
68,69,run_it025_classes.mrcs:z:22/30 - run_it025_classes.mrcs,5.559947,-0.125854,22,40.12,WT
69,70,run_it025_classes.mrcs:z:22/30 - run_it025_classes.mrcs,8.337444,0.019216999999999998,22,41.42,WT
70,71,run_it025_classes.mrcs:z:22/30 - run_it025_classes.mrcs,5.75826,0.047939999999999997,22,42.26,WT
71,72,run_it025_classes.mrcs:z:22/30 - run_it025_classes.mrcs,6.394398000000001,0.09109400000000001,22,41.24,WT
72,73,run_it025_classes.mrcs:z:22/30 - run_it025_classes.mrcs,5.710593,0.055142,22,42.61,WT
73,74,run_it025_classes.mrcs:z:23/30 - run_it025_classes.mrcs,-1.507436,-0.059493,23,40.29,WT
74,75,run_it025_classes.mrcs:z:23/30 - run_it025_classes.mrcs,-1.374835,-0.108574,23,44.18,WT
75,76,run_it025_classes.mrcs:z:23/30 - run_it025_classes.mrcs,-1.0050860000000001,0.001046,23,40.29,WT
76,77,run_it025_classes.mrcs:z:23/30 - run_it025_classes.mrcs,-1.0050860000000001,0.011197,23,40.29,WT
77,78,run_it025_classes.mrcs:z:23/30 - run_it025_classes.mrcs,-1.032245,0.089152,23,39.23,WT
78,79,run_it025_classes.mrcs:z:23/30 - run_it025_classes.mrcs,-0.493917,-0.007554000000000001,23,40.99,WT
79,80,run_it025_classes.mrcs:z:25/30 - run_it025_classes.mrcs,1.481457,-0.056625,25,41.0,WT
80,81,run_it025_classes.mrcs:z:25/30 - run_it025_classes.mrcs,3.5447660000000005,-0.035461,25,40.0,WT
81,82,run_it025_classes.mrcs:z:25/30 - run_it025_classes.mrcs,3.878525,0.026723,25,41.78999999999999,WT
82,83,run_it025_classes.mrcs:z:25/30 - run_it025_classes.mrcs,3.366461,0.060065999999999994,25,42.12,WT
83,84,run_it025_classes.mrcs:z:25/30 - run_it025_classes.mrcs,3.9793819999999998,-0.048423,25,40.73,WT
84,85,run_it025_classes.mrcs:z:25/30 - run_it025_classes.mrcs,4.553768,-0.003092,25,40.05,WT
85,86,run_it025_classes.mrcs:z:26/30 - run_it025_classes.mrcs,1.468801,-0.028892,26,41.349999999999994,WT
86,87,run_it025_classes.mrcs:z:26/30 - run_it025_classes.mrcs,0.9877600000000001,0.090403,26,40.99,WT
87,88,run_it025_classes.mrcs:z:26/30 - run_it025_classes.mrcs,-178.505666,0.140319,26,40.65,WT
88,89,run_it025_classes.mrcs:z:26/30 - run_it025_classes.mrcs,1.9580669999999998,0.03275,26,41.36,WT
89,90,run_it025_classes.mrcs:z:26/30 - run_it025_classes.mrcs,1.0050860000000001,-0.024586,26,40.29,WT
90,91,run_it025_classes.mrcs:z:26/30 - run_it025_classes.mrcs,0.502582,0.110864,26,40.28,WT
91,92,run_it025_classes.mrcs:z:28/30 - run_it025_classes.mrcs,-0.9628639999999999,-0.0854,28,42.05,WT
92,93,run_it025_classes.mrcs:z:28/30 - run_it025_classes.mrcs,-0.996348,-0.08276499999999999,28,40.64,WT
93,94,run_it025_classes.mrcs:z:28/30 - run_it025_classes.mrcs,-1.0050860000000001,0.009901,28,40.29,WT
94,95,run_it025_classes.mrcs:z:28/30 - run_it025_classes.mrcs,0.5256350000000001,0.169752,28,38.51,WT
95,96,run_it025_classes.mrcs:z:28/30 - run_it025_classes.mrcs,-1.494334,0.14213,28,40.65,WT
96,97,run_it025_classes.mrcs:z:28/30 - run_it025_classes.mrcs,-0.996348,0.113889,28,40.64,WT
0,1,run_it025_classes.mrcs:z:1/30 - run_it025_classes.mrcs,-1.1088120000000001,-0.107624,1,41.08,t8v
1,2,run_it025_classes.mrcs:z:1/30 - run_it025_classes.mrcs,-0.739259,0.098138,1,41.08,t8v
2,3,run_it025_classes.mrcs:z:1/30 - run_it025_classes.mrcs,-1.507436,-0.070641,1,40.29,t8v
3,4,run_it025_classes.mrcs:z:1/30 - run_it025_classes.mrcs,-0.36493600000000004,-0.050874,1,41.61,t8v
4,5,run_it025_classes.mrcs:z:1/30 - run_it025_classes.mrcs,0.0,0.138996,1,40.81,t8v
5,6,run_it025_classes.mrcs:z:1/30 - run_it025_classes.mrcs,-0.37204499999999996,-0.047820999999999995,1,40.81,t8v
6,7,run_it025_classes.mrcs:z:2/30 - run_it025_classes.mrcs,0.678025,-0.023306999999999998,2,44.790000000000006,t8v
7,8,run_it025_classes.mrcs:z:2/30 - run_it025_classes.mrcs,0.70298,0.12403099999999999,2,43.2,t8v
8,9,run_it025_classes.mrcs:z:2/30 - run_it025_classes.mrcs,0.0,-0.045933999999999996,2,41.07000000000001,t8v
9,10,run_it025_classes.mrcs:z:2/30 - run_it025_classes.mrcs,-0.37694,0.068622,2,40.28,t8v
10,11,run_it025_classes.mrcs:z:2/30 - run_it025_classes.mrcs,1.961418,0.093363,2,38.71,t8v
11,12,run_it025_classes.mrcs:z:2/30 - run_it025_classes.mrcs,1.15345,-0.022791,2,39.49,t8v
12,13,run_it025_classes.mrcs:z:3/30 - run_it025_classes.mrcs,1.497588,0.08668,3,40.56,t8v
13,14,run_it025_classes.mrcs:z:3/30 - run_it025_classes.mrcs,3.366461,-0.10910399999999999,3,40.62,t8v
14,15,run_it025_classes.mrcs:z:3/30 - run_it025_classes.mrcs,1.88405,-0.108258,3,40.3,t8v
15,16,run_it025_classes.mrcs:z:3/30 - run_it025_classes.mrcs,2.1885830000000004,-0.020449000000000002,3,41.64,t8v
16,17,run_it025_classes.mrcs:z:3/30 - run_it025_classes.mrcs,2.231175,0.126228,3,40.839999999999996,t8v
17,18,run_it025_classes.mrcs:z:3/30 - run_it025_classes.mrcs,1.88405,-0.041982,3,40.3,t8v
18,19,run_it025_classes.mrcs:z:4/30 - run_it025_classes.mrcs,0.36727600000000005,-0.12291500000000001,4,41.34,t8v
19,20,run_it025_classes.mrcs:z:4/30 - run_it025_classes.mrcs,1.11601,0.08623099999999999,4,40.82,t8v
20,21,run_it025_classes.mrcs:z:4/30 - run_it025_classes.mrcs,0.395137,-0.12150599999999999,4,38.43,t8v
21,22,run_it025_classes.mrcs:z:4/30 - run_it025_classes.mrcs,2.245743,0.008596,4,40.58,t8v
22,23,run_it025_classes.mrcs:z:4/30 - run_it025_classes.mrcs,0.763898,0.110509,4,39.75,t8v
23,24,run_it025_classes.mrcs:z:4/30 - run_it025_classes.mrcs,1.161242,0.071913,4,39.23,t8v
24,25,run_it025_classes.mrcs:z:6/30 - run_it025_classes.mrcs,0.38196599999999997,-0.101342,6,39.75,t8v
25,26,run_it025_classes.mrcs:z:6/30 - run_it025_classes.mrcs,-0.674037,-0.084024,6,45.05,t8v
26,27,run_it025_classes.mrcs:z:6/30 - run_it025_classes.mrcs,-0.790237,0.040777999999999995,6,38.43,t8v
27,28,run_it025_classes.mrcs:z:6/30 - run_it025_classes.mrcs,-0.34724299999999997,0.161161,6,43.72999999999999,t8v
28,29,run_it025_classes.mrcs:z:6/30 - run_it025_classes.mrcs,179.602119,0.080459,6,38.16,t8v
29,30,run_it025_classes.mrcs:z:6/30 - run_it025_classes.mrcs,180.0,0.111575,6,40.540000000000006,t8v
30,31,run_it025_classes.mrcs:z:7/30 - run_it025_classes.mrcs,-6.77216,-0.11596300000000001,7,42.7,t8v
31,32,run_it025_classes.mrcs:z:7/30 - run_it025_classes.mrcs,-8.991247,0.011917,7,42.39,t8v
32,33,run_it025_classes.mrcs:z:7/30 - run_it025_classes.mrcs,-8.078345,-0.081928,7,41.49,t8v
33,34,run_it025_classes.mrcs:z:7/30 - run_it025_classes.mrcs,-7.033416000000001,-0.036716000000000006,7,41.11999999999999,t8v
34,35,run_it025_classes.mrcs:z:7/30 - run_it025_classes.mrcs,-7.495858,0.094685,7,40.63000000000001,t8v
35,36,run_it025_classes.mrcs:z:7/30 - run_it025_classes.mrcs,-8.075896,-0.141403,7,39.61,t8v
36,37,run_it025_classes.mrcs:z:9/30 - run_it025_classes.mrcs,-7.219021000000001,0.13803900000000002,9,40.07,t8v
37,38,run_it025_classes.mrcs:z:9/30 - run_it025_classes.mrcs,-8.775056,0.068975,9,39.95,t8v
38,39,run_it025_classes.mrcs:z:9/30 - run_it025_classes.mrcs,-9.582945,0.14894200000000002,9,41.39,t8v
39,40,run_it025_classes.mrcs:z:9/30 - run_it025_classes.mrcs,-7.6867220000000005,-0.046245,9,43.59,t8v
40,41,run_it025_classes.mrcs:z:9/30 - run_it025_classes.mrcs,-8.440365,0.049382999999999996,9,41.52,t8v
41,42,run_it025_classes.mrcs:z:9/30 - run_it025_classes.mrcs,-8.387032000000001,-0.052757000000000005,9,41.78999999999999,t8v
42,43,run_it025_classes.mrcs:z:10/30 - run_it025_classes.mrcs,0.744059,-0.134466,10,40.81,t8v
43,44,run_it025_classes.mrcs:z:10/30 - run_it025_classes.mrcs,0.763898,-0.008754000000000001,10,39.75,t8v
44,45,run_it025_classes.mrcs:z:10/30 - run_it025_classes.mrcs,1.9219560000000002,-0.052551,10,39.51,t8v
45,46,run_it025_classes.mrcs:z:10/30 - run_it025_classes.mrcs,1.138177,-0.11309100000000001,10,40.02,t8v
46,47,run_it025_classes.mrcs:z:10/30 - run_it025_classes.mrcs,1.527525,0.074732,10,39.76,t8v
47,48,run_it025_classes.mrcs:z:10/30 - run_it025_classes.mrcs,1.871745,-0.089673,10,40.57,t8v
48,49,run_it025_classes.mrcs:z:11/30 - run_it025_classes.mrcs,0.77422,-0.082821,11,39.22,t8v
49,50,run_it025_classes.mrcs:z:11/30 - run_it025_classes.mrcs,-0.374477,-0.095582,11,40.55,t8v
50,51,run_it025_classes.mrcs:z:11/30 - run_it025_classes.mrcs,-179.198713,-0.012669,11,37.9,t8v
51,52,run_it025_classes.mrcs:z:11/30 - run_it025_classes.mrcs,0.0,0.001416,11,42.66,t8v
52,53,run_it025_classes.mrcs:z:11/30 - run_it025_classes.mrcs,-1.1088120000000001,-0.122076,11,41.08,t8v
53,54,run_it025_classes.mrcs:z:11/30 - run_it025_classes.mrcs,-1.835775,0.08103400000000001,11,41.36,t8v
54,55,run_it025_classes.mrcs:z:12/30 - run_it025_classes.mrcs,-9.340026,-0.007409000000000001,12,40.82,t8v
55,56,run_it025_classes.mrcs:z:12/30 - run_it025_classes.mrcs,-8.455028,0.0031149999999999997,12,39.65,t8v
56,57,run_it025_classes.mrcs:z:12/30 - run_it025_classes.mrcs,-7.907163000000001,0.063717,12,38.53,t8v
57,58,run_it025_classes.mrcs:z:12/30 - run_it025_classes.mrcs,-9.229886,0.091791,12,42.96,t8v
58,59,run_it025_classes.mrcs:z:12/30 - run_it025_classes.mrcs,-8.440365,0.014081999999999999,12,41.52,t8v
59,60,run_it025_classes.mrcs:z:12/30 - run_it025_classes.mrcs,-10.817834,0.078221,12,42.36,t8v
60,61,run_it025_classes.mrcs:z:14/30 - run_it025_classes.mrcs,-5.787243,-0.083585,14,39.42,t8v
61,62,run_it025_classes.mrcs:z:14/30 - run_it025_classes.mrcs,-4.888401,-0.025209,14,40.43,t8v
62,63,run_it025_classes.mrcs:z:14/30 - run_it025_classes.mrcs,-5.710593,0.069767,14,39.95,t8v
63,64,run_it025_classes.mrcs:z:14/30 - run_it025_classes.mrcs,-5.262395,-0.0047420000000000006,14,40.45,t8v
64,65,run_it025_classes.mrcs:z:14/30 - run_it025_classes.mrcs,-5.492325,-0.078192,14,41.53,t8v
65,66,run_it025_classes.mrcs:z:14/30 - run_it025_classes.mrcs,-6.753574,0.021897,14,40.56,t8v
66,67,run_it025_classes.mrcs:z:16/30 - run_it025_classes.mrcs,2.402609,0.0589,16,37.93,t8v
67,68,run_it025_classes.mrcs:z:16/30 - run_it025_classes.mrcs,2.744956,0.06582,16,38.73,t8v
68,69,run_it025_classes.mrcs:z:16/30 - run_it025_classes.mrcs,2.1885830000000004,0.023053,16,41.64,t8v
69,70,run_it025_classes.mrcs:z:16/30 - run_it025_classes.mrcs,1.548158,0.03594,16,39.23,t8v
70,71,run_it025_classes.mrcs:z:16/30 - run_it025_classes.mrcs,2.4540319999999998,0.0643,16,37.13,t8v
71,72,run_it025_classes.mrcs:z:16/30 - run_it025_classes.mrcs,1.974934,-0.11867799999999999,16,38.45,t8v
72,73,run_it025_classes.mrcs:z:17/30 - run_it025_classes.mrcs,8.549077,0.080667,17,41.0,t8v
73,74,run_it025_classes.mrcs:z:17/30 - run_it025_classes.mrcs,8.289404,-0.053297000000000004,17,40.44,t8v
74,75,run_it025_classes.mrcs:z:17/30 - run_it025_classes.mrcs,8.833414999999999,-0.055598,17,39.69,t8v
75,76,run_it025_classes.mrcs:z:17/30 - run_it025_classes.mrcs,9.062856,0.112352,17,43.74,t8v
76,77,run_it025_classes.mrcs:z:17/30 - run_it025_classes.mrcs,9.031072,0.00533,17,40.52,t8v
77,78,run_it025_classes.mrcs:z:17/30 - run_it025_classes.mrcs,9.522255,-0.004448,17,41.64999999999999,t8v
78,79,run_it025_classes.mrcs:z:18/30 - run_it025_classes.mrcs,-0.75884,-0.05625,18,40.02,t8v
79,80,run_it025_classes.mrcs:z:18/30 - run_it025_classes.mrcs,0.37204499999999996,0.099768,18,40.81,t8v
80,81,run_it025_classes.mrcs:z:18/30 - run_it025_classes.mrcs,-0.38453000000000004,-0.08253300000000001,18,39.49,t8v
81,82,run_it025_classes.mrcs:z:18/30 - run_it025_classes.mrcs,0.37943699999999997,0.077699,18,40.02,t8v
82,83,run_it025_classes.mrcs:z:18/30 - run_it025_classes.mrcs,-1.1233030000000002,0.133404,18,40.55,t8v
83,84,run_it025_classes.mrcs:z:18/30 - run_it025_classes.mrcs,0.0,-0.052775999999999997,18,41.07000000000001,t8v
84,85,run_it025_classes.mrcs:z:20/30 - run_it025_classes.mrcs,0.763898,-0.066325,20,39.75,t8v
85,86,run_it025_classes.mrcs:z:20/30 - run_it025_classes.mrcs,1.1017059999999999,-0.079886,20,41.349999999999994,t8v
86,87,run_it025_classes.mrcs:z:20/30 - run_it025_classes.mrcs,1.558684,-0.023359,20,38.97,t8v
87,88,run_it025_classes.mrcs:z:20/30 - run_it025_classes.mrcs,1.1088120000000001,0.080877,20,41.08,t8v
88,89,run_it025_classes.mrcs:z:20/30 - run_it025_classes.mrcs,1.138177,-0.128885,20,40.02,t8v
89,90,run_it025_classes.mrcs:z:20/30 - run_it025_classes.mrcs,1.487868,0.021407,20,40.82,t8v
90,91,run_it025_classes.mrcs:z:21/30 - run_it025_classes.mrcs,-179.652757,0.047416,21,43.72999999999999,t8v
91,92,run_it025_classes.mrcs:z:21/30 - run_it025_classes.mrcs,-1.1233030000000002,0.002512,21,40.55,t8v
92,93,run_it025_classes.mrcs:z:21/30 - run_it025_classes.mrcs,-0.7206640000000001,0.031255,21,42.14,t8v
93,94,run_it025_classes.mrcs:z:21/30 - run_it025_classes.mrcs,0.0,0.013588,21,40.010000000000005,t8v
94,95,run_it025_classes.mrcs:z:21/30 - run_it025_classes.mrcs,-0.7206640000000001,-0.010693000000000001,21,42.14,t8v
95,96,run_it025_classes.mrcs:z:21/30 - run_it025_classes.mrcs,-1.094691,-0.005667,21,41.61,t8v
96,97,run_it025_classes.mrcs:z:22/30 - run_it025_classes.mrcs,-1.8595990000000002,-0.054948000000000004,22,40.83,t8v
97,98,run_it025_classes.mrcs:z:22/30 - run_it025_classes.mrcs,-3.5763339999999997,-0.051383000000000005,22,42.48,t8v
98,99,run_it025_classes.mrcs:z:22/30 - run_it025_classes.mrcs,-3.388557,-0.0032890000000000003,22,40.35,t8v
99,100,run_it025_classes.mrcs:z:22/30 - run_it025_classes.mrcs,-3.260161,0.034068,22,41.94,t8v
100,101,run_it025_classes.mrcs:z:22/30 - run_it025_classes.mrcs,-3.6444900000000002,0.124713,22,41.69,t8v
101,102,run_it025_classes.mrcs:z:22/30 - run_it025_classes.mrcs,-2.6541959999999998,-0.020812999999999998,22,40.06,t8v
102,103,run_it025_classes.mrcs:z:23/30 - run_it025_classes.mrcs,0.744059,-0.075956,23,40.81,t8v
103,104,run_it025_classes.mrcs:z:23/30 - run_it025_classes.mrcs,0.36727600000000005,-0.046169,23,41.34,t8v
104,105,run_it025_classes.mrcs:z:23/30 - run_it025_classes.mrcs,1.459449,-0.129306,23,41.62,t8v
105,106,run_it025_classes.mrcs:z:23/30 - run_it025_classes.mrcs,-0.753848,-0.088139,23,40.28,t8v
106,107,run_it025_classes.mrcs:z:23/30 - run_it025_classes.mrcs,-178.11595,-0.11506199999999998,23,40.3,t8v
107,108,run_it025_classes.mrcs:z:23/30 - run_it025_classes.mrcs,1.487868,-0.087806,23,40.82,t8v
108,109,run_it025_classes.mrcs:z:25/30 - run_it025_classes.mrcs,2.569241,-0.09325499999999999,25,41.38,t8v
109,110,run_it025_classes.mrcs:z:25/30 - run_it025_classes.mrcs,0.729843,0.038766,25,41.61,t8v
110,111,run_it025_classes.mrcs:z:25/30 - run_it025_classes.mrcs,3.34465,0.11632100000000001,25,40.88,t8v
111,112,run_it025_classes.mrcs:z:25/30 - run_it025_classes.mrcs,1.478273,0.088118,25,41.09,t8v
112,113,run_it025_classes.mrcs:z:25/30 - run_it025_classes.mrcs,1.087764,0.005945000000000001,25,41.879999999999995,t8v
113,114,run_it025_classes.mrcs:z:25/30 - run_it025_classes.mrcs,1.8595990000000002,-0.091752,25,40.83,t8v
114,115,run_it025_classes.mrcs:z:26/30 - run_it025_classes.mrcs,0.753848,-0.08325199999999999,26,40.28,t8v
115,116,run_it025_classes.mrcs:z:26/30 - run_it025_classes.mrcs,0.0,-0.049710000000000004,26,40.010000000000005,t8v
116,117,run_it025_classes.mrcs:z:26/30 - run_it025_classes.mrcs,1.871745,0.093662,26,40.57,t8v
117,118,run_it025_classes.mrcs:z:26/30 - run_it025_classes.mrcs,-0.362627,0.07850499999999999,26,41.87,t8v
118,119,run_it025_classes.mrcs:z:26/30 - run_it025_classes.mrcs,0.36493600000000004,0.00075,26,41.61,t8v
119,120,run_it025_classes.mrcs:z:26/30 - run_it025_classes.mrcs,0.734521,-0.046646,26,41.34,t8v
120,121,run_it025_classes.mrcs:z:27/30 - run_it025_classes.mrcs,9.2004,0.049786000000000004,27,38.12,t8v
121,122,run_it025_classes.mrcs:z:27/30 - run_it025_classes.mrcs,11.542525999999999,0.085857,27,38.41,t8v
122,123,run_it025_classes.mrcs:z:27/30 - run_it025_classes.mrcs,10.750967,0.090283,27,42.620000000000005,t8v
123,124,run_it025_classes.mrcs:z:27/30 - run_it025_classes.mrcs,12.724356,0.050082,27,42.11000000000001,t8v
124,125,run_it025_classes.mrcs:z:27/30 - run_it025_classes.mrcs,11.9083,0.028316,27,39.81,t8v
125,126,run_it025_classes.mrcs:z:27/30 - run_it025_classes.mrcs,12.528808,0.101309,27,39.09,t8v
126,127,run_it025_classes.mrcs:z:29/30 - run_it025_classes.mrcs,0.0,0.074039,29,40.28,t8v
127,128,run_it025_classes.mrcs:z:29/30 - run_it025_classes.mrcs,0.36727600000000005,-0.067137,29,41.34,t8v
128,129,run_it025_classes.mrcs:z:29/30 - run_it025_classes.mrcs,-0.7073189999999999,-0.07446900000000001,29,42.93,t8v
129,130,run_it025_classes.mrcs:z:29/30 - run_it025_classes.mrcs,0.0,0.0863,29,39.480000000000004,t8v
130,131,run_it025_classes.mrcs:z:29/30 - run_it025_classes.mrcs,0.0,0.005894,29,40.28,t8v
131,132,run_it025_classes.mrcs:z:29/30 - run_it025_classes.mrcs,0.0,-0.023031,29,42.13,t8v
132,133,run_it025_classes.mrcs:z:30/30 - run_it025_classes.mrcs,2.505093,-0.059271000000000004,30,42.44,t8v
133,134,run_it025_classes.mrcs:z:30/30 - run_it025_classes.mrcs,1.517414,0.030079,30,40.03000000000001,t8v
134,135,run_it025_classes.mrcs:z:30/30 - run_it025_classes.mrcs,2.1885830000000004,0.059713,30,41.64,t8v
135,136,run_it025_classes.mrcs:z:30/30 - run_it025_classes.mrcs,2.68977,-0.003512,30,39.53,t8v
136,137,run_it025_classes.mrcs:z:30/30 - run_it025_classes.mrcs,1.8476099999999998,-0.007006,30,41.1,t8v
137,138,run_it025_classes.mrcs:z:30/30 - run_it025_classes.mrcs,1.767827,0.060901,30,42.95,t8v
